expression,min,median,itr/sec,mem_alloc,gc/sec,n_itr,n_gc,total_time
ORIGINAL,5.43m,5.6m,0.002830829772991022,1.48GB,0.39159811859709137,3,415,17.7m
DISTINCT,6.31s,6.48s,0.13348466519489735,1.91GB,0.17797955359319648,3,4,22.5s
