expression,min,median,itr/sec,mem_alloc,gc/sec,n_itr,n_gc,total_time
ORIGINAL,4.62m,5.34m,0.0032617046151333655,13.52GB,0.5631876635463611,3,518,15.33m
DT,1.64m,1.7m,0.007373381213878582, 9.43GB,0.022120143641635746,3,9, 6.78m
JULIAFIED,3.34m,6.19m,0.0029709933002206573,13.87GB,0.010893642100809077,3,11,16.83m
