expression,min,median,itr/sec,mem_alloc,gc/sec,n_itr,n_gc,total_time
ORIGINAL, 3.11m, 3.19m,0.005251212839284287,13.52GB,0.9067094169164203,3,518, 9.52m
DT,40.24s,40.25s,0.022158364883970494, 9.43GB,0.06647509465191148,3,9, 2.26m
JULIAFIED, 1.49m, 3.52m,0.0045445785503960565,13.87GB,0.016663454684785542,3,11,11m
