expression,min,median,itr/sec,mem_alloc,gc/sec,n_itr,n_gc,total_time,time
ORIGINAL,6.02m,6.02m,0.00276908289287687,13.51GB,0.45966776021756045,1,166,6.02m,
DT,1.26m,1.26m,0.013257610124414728, 9.42GB,0.05303044049765891,1,4,1.26m,
